[    
    {
        "hotelId": "1",
        "lat": 37.7867,
        "lon": -122.4112
    },
    {
        "hotelId": "2",
        "lat": 37.7854,
        "lon": -122.4005
    },
    {
        "hotelId": "3",
        "lat": 37.7834,
        "lon": -122.4071
    },
    {
        "hotelId": "4",
        "lat": 37.7936,
        "lon": -122.3930
    },
    {
        "hotelId": "5",
        "lat": 37.7831,
        "lon": -122.4181
    },
    {
        "hotelId": "6",
        "lat": 37.7863,
        "lon": -122.4015
    },    
    {
        "hotelId": "7",
        "lat": 37.8255,
        "lon": -122.3540
    },    
    {
        "hotelId": "8",
        "lat": 37.8315,
        "lon": -122.3460
    },    
    {
        "hotelId": "9",
        "lat": 37.8375,
        "lon": -122.3380
    },    
    {
        "hotelId": "10",
        "lat": 37.8435,
        "lon": -122.3300
    },    
    {
        "hotelId": "11",
        "lat": 37.8495,
        "lon": -122.3220
    },    
    {
        "hotelId": "12",
        "lat": 37.8555,
        "lon": -122.3140
    },    
    {
        "hotelId": "13",
        "lat": 37.8615,
        "lon": -122.3060
    },    
    {
        "hotelId": "14",
        "lat": 37.8675,
        "lon": -122.2980
    },    
    {
        "hotelId": "15",
        "lat": 37.8735,
        "lon": -122.2900
    },    
    {
        "hotelId": "16",
        "lat": 37.8795,
        "lon": -122.2820
    },    
    {
        "hotelId": "17",
        "lat": 37.8855,
        "lon": -122.2740
    },    
    {
        "hotelId": "18",
        "lat": 37.8915,
        "lon": -122.2660
    },    
    {
        "hotelId": "19",
        "lat": 37.8975,
        "lon": -122.2580
    },    
    {
        "hotelId": "20",
        "lat": 37.9035,
        "lon": -122.2500
    },    
    {
        "hotelId": "21",
        "lat": 37.9095,
        "lon": -122.2420
    },    
    {
        "hotelId": "22",
        "lat": 37.9155,
        "lon": -122.2340
    },    
    {
        "hotelId": "23",
        "lat": 37.9215,
        "lon": -122.2260
    },    
    {
        "hotelId": "24",
        "lat": 37.9275,
        "lon": -122.2180
    },    
    {
        "hotelId": "25",
        "lat": 37.9335,
        "lon": -122.2100
    },    
    {
        "hotelId": "26",
        "lat": 37.9395,
        "lon": -122.2020
    },    
    {
        "hotelId": "27",
        "lat": 37.9455,
        "lon": -122.1940
    },    
    {
        "hotelId": "28",
        "lat": 37.9515,
        "lon": -122.1860
    },    
    {
        "hotelId": "29",
        "lat": 37.9575,
        "lon": -122.1780
    },    
    {
        "hotelId": "30",
        "lat": 37.9635,
        "lon": -122.1700
    },    
    {
        "hotelId": "31",
        "lat": 37.9695,
        "lon": -122.1620
    },    
    {
        "hotelId": "32",
        "lat": 37.9755,
        "lon": -122.1540
    },    
    {
        "hotelId": "33",
        "lat": 37.9815,
        "lon": -122.1460
    },    
    {
        "hotelId": "34",
        "lat": 37.9875,
        "lon": -122.1380
    },    
    {
        "hotelId": "35",
        "lat": 37.9935,
        "lon": -122.1300
    },    
    {
        "hotelId": "36",
        "lat": 37.9995,
        "lon": -122.1220
    },    
    {
        "hotelId": "37",
        "lat": 38.0055,
        "lon": -122.1140
    },    
    {
        "hotelId": "38",
        "lat": 38.0115,
        "lon": -122.1060
    },    
    {
        "hotelId": "39",
        "lat": 38.0175,
        "lon": -122.0980
    },    
    {
        "hotelId": "40",
        "lat": 38.0235,
        "lon": -122.0900
    },    
    {
        "hotelId": "41",
        "lat": 38.0295,
        "lon": -122.0820
    },    
    {
        "hotelId": "42",
        "lat": 38.0355,
        "lon": -122.0740
    },    
    {
        "hotelId": "43",
        "lat": 38.0415,
        "lon": -122.0660
    },    
    {
        "hotelId": "44",
        "lat": 38.0475,
        "lon": -122.0580
    },    
    {
        "hotelId": "45",
        "lat": 38.0535,
        "lon": -122.0500
    },    
    {
        "hotelId": "46",
        "lat": 38.0595,
        "lon": -122.0420
    },    
    {
        "hotelId": "47",
        "lat": 38.0655,
        "lon": -122.0340
    },    
    {
        "hotelId": "48",
        "lat": 38.0715,
        "lon": -122.0260
    },    
    {
        "hotelId": "49",
        "lat": 38.0775,
        "lon": -122.0180
    },    
    {
        "hotelId": "50",
        "lat": 38.0835,
        "lon": -122.0100
    },    
    {
        "hotelId": "51",
        "lat": 38.0895,
        "lon": -122.0020
    },    
    {
        "hotelId": "52",
        "lat": 38.0955,
        "lon": -121.9940
    },    
    {
        "hotelId": "53",
        "lat": 38.1015,
        "lon": -121.9860
    },    
    {
        "hotelId": "54",
        "lat": 38.1075,
        "lon": -121.9780
    },    
    {
        "hotelId": "55",
        "lat": 38.1135,
        "lon": -121.9700
    },    
    {
        "hotelId": "56",
        "lat": 38.1195,
        "lon": -121.9620
    },    
    {
        "hotelId": "57",
        "lat": 38.1255,
        "lon": -121.9540
    },    
    {
        "hotelId": "58",
        "lat": 38.1315,
        "lon": -121.9460
    },    
    {
        "hotelId": "59",
        "lat": 38.1375,
        "lon": -121.9380
    },    
    {
        "hotelId": "60",
        "lat": 38.1435,
        "lon": -121.9300
    },    
    {
        "hotelId": "61",
        "lat": 38.1495,
        "lon": -121.9220
    },    
    {
        "hotelId": "62",
        "lat": 38.1555,
        "lon": -121.9140
    },    
    {
        "hotelId": "63",
        "lat": 38.1615,
        "lon": -121.9060
    },    
    {
        "hotelId": "64",
        "lat": 38.1675,
        "lon": -121.8980
    },    
    {
        "hotelId": "65",
        "lat": 38.1735,
        "lon": -121.8900
    },    
    {
        "hotelId": "66",
        "lat": 38.1795,
        "lon": -121.8820
    },    
    {
        "hotelId": "67",
        "lat": 38.1855,
        "lon": -121.8740
    },    
    {
        "hotelId": "68",
        "lat": 38.1915,
        "lon": -121.8660
    },    
    {
        "hotelId": "69",
        "lat": 38.1975,
        "lon": -121.8580
    },    
    {
        "hotelId": "70",
        "lat": 38.2035,
        "lon": -121.8500
    },    
    {
        "hotelId": "71",
        "lat": 38.2095,
        "lon": -121.8420
    },    
    {
        "hotelId": "72",
        "lat": 38.2155,
        "lon": -121.8340
    },    
    {
        "hotelId": "73",
        "lat": 38.2215,
        "lon": -121.8260
    },    
    {
        "hotelId": "74",
        "lat": 38.2275,
        "lon": -121.8180
    },    
    {
        "hotelId": "75",
        "lat": 38.2335,
        "lon": -121.8100
    },    
    {
        "hotelId": "76",
        "lat": 38.2395,
        "lon": -121.8020
    },    
    {
        "hotelId": "77",
        "lat": 38.2455,
        "lon": -121.7940
    },    
    {
        "hotelId": "78",
        "lat": 38.2515,
        "lon": -121.7860
    },    
    {
        "hotelId": "79",
        "lat": 38.2575,
        "lon": -121.7780
    },    
    {
        "hotelId": "80",
        "lat": 38.2635,
        "lon": -121.7700
    }
]
