[
    {
        "hotelId": "1",
        "lat": 37.7867,
        "lon": -122.4112
    },
    {
        "hotelId": "2",
        "lat": 37.7854,
        "lon": -122.4005
    },
    {
        "hotelId": "3",
        "lat": 37.7834,
        "lon": -122.4071
    },
    {
        "hotelId": "4",
        "lat": 37.7936,
        "lon": -122.3930
    },
    {
        "hotelId": "5",
        "lat": 37.7831,
        "lon": -122.4181
    },
    {
        "hotelId": "6",
        "lat": 37.7863,
        "lon": -122.4015
    }
]
